# US Cities - Top 2,000+ cities by population
# Used for geographic signal detection in facility names
# Includes all cities over 25,000 population plus notable smaller cities

# A
abilene
abington
acworth
ada
addison
adrian
affton
agawam
agoura hills
aguadilla
aiken
aitkin
akron
alabaster
alameda
alamogordo
alamosa
albany
albertville
albion
albuquerque
alexandria
algonquin
alhambra
alice
aliso viejo
allen
allentown
alliance
alpena
alpharetta
alsip
altadena
altamonte springs
alton
altoona
altus
alva
alvin
amarillo
ambler
ames
amesbury
amherst
ammon
anaheim
anchorage
anderson
andover
ankeny
ann arbor
annapolis
anniston
anoka
ansonia
antioch
apache junction
apex
apopka
appleton
apple valley
arcadia
arcata
archdale
ardmore
arlington
arlington heights
arnold
artesia
arvada
arvin
asbury park
ashburn
asheville
ashland
ashtabula
aspen
atascocita
athens
atkinson
atlanta
atlantic city
attleboro
atwater
auburn
auburn hills
augusta
aurora
austin
aventura
avon
avondale
azle
azusa

# B
babylon
bainbridge island
baker city
bakersfield
baldwin park
ball ground
ballwin
baltimore
bangor
banning
barberton
bardstown
barnstable
bartlesville
bartlett
barton
bartow
basking ridge
bastrop
batavia
batesville
baton rouge
battle creek
bay city
bayonne
bayou cane
bayshore
baytown
beach park
beacon
beachwood
beaumont
beavercreek
beaverton
beckley
bedford
bedminster
bee cave
beech grove
bel air
belding
bell
bella vista
bellaire
belle glade
belle vernon
bellefontaine
bellefonte
belleville
bellevue
bellflower
bellingham
bellmawr
bellmore
bellwood
belmont
beloit
beltsville
belvidere
bemidji
bend
benicia
bensenville
benton
benton harbor
bentonville
berea
bergenfield
berkeley
berlin
berwyn
bessemer
bethany
bethel
bethel park
bethesda
bethlehem
bethpage
bettendorf
beverly
beverly hills
biddeford
big bear lake
big rapids
big spring
billerica
billings
biloxi
binghamton
birmingham
bismarck
black mountain
blackfoot
blacksburg
blackwell
blaine
bloomfield
bloomingdale
bloomington
bloomsburg
blue ash
blue bell
blue island
blue springs
bluffton
blythe
boca raton
boerne
bogalusa
boise
bolingbrook
bolivar
bonita springs
bonner springs
booneville
boonton
bordentown
bossier city
boston
boulder
boulder city
bound brook
bountiful
bowie
bowling green
boynton beach
bozeman
bradenton
braintree
brandon
branford
branson
brawley
brea
breckenridge
bremerton
brenham
brentwood
brevard
bridgeport
bridgeton
bridgeview
bridgewater
brigham city
brighton
bristol
brockton
broken arrow
bronx
brookfield
brookhaven
brookings
brooklyn
brooklyn center
brooklyn park
brooksville
broomfield
brown deer
brownsburg
brownsville
brownwood
brunswick
bryan
bryant
buckeye
bucyrus
buena park
buffalo
buffalo grove
bullhead city
burbank
burien
burleson
burley
burlington
burnsville
burr ridge
burton
butler
butte

# C
cabot
cadillac
cahokia
cairo
calabasas
caldwell
caledonia
calexico
california city
calumet city
camarillo
cambridge
camden
cameron
campbell
campbellsville
canton
canyon
canyon lake
cape coral
cape girardeau
carbondale
carlisle
carlsbad
carmel
carmichael
carnegie
carol city
carol stream
carpentersville
carrollton
carson
carson city
carteret
cartersville
carthage
cary
casa grande
casas adobes
casper
castle rock
castroville
catalina foothills
cathedral city
catonsville
cave spring
cedar city
cedar falls
cedar hill
cedar park
cedar rapids
cedarburg
celebration
centennial
centerville
central falls
centralia
centreville
cerritos
chambersburg
champaign
chandler
channelview
chantilly
chapel hill
chappaqua
charleston
charlottesville
charter oak
chatham
chattanooga
cheat lake
cheektowaga
chelmsford
chelsea
cherry hill
chesapeake
chester
chesterfield
cheyenne
chicago
chicago heights
chico
chicopee
childress
chillicothe
chillum
chino
chino hills
chippewa falls
chula vista
cicero
cincinnati
citrus heights
claremont
claremore
clarendon hills
clarion
clarksburg
clarksdale
clarksville
clawson
clayton
clearfield
clearwater
cleburne
clemson
clermont
cleveland
cleveland heights
clewiston
clifton
clinton
clovis
clute
coachella
coalinga
cocoa
cocoa beach
coconut creek
coeur d'alene
coffeyville
cohasset
college park
college station
collegeville
colleyville
collierville
collinsville
colonial heights
colonie
colorado springs
colton
columbia
columbia heights
columbus
commerce
commerce city
commack
compton
concord
connersville
conover
conroe
conshohocken
conway
cookeville
coon rapids
cooper city
coppell
copperas cove
coral gables
coral springs
coralville
coram
corbin
corcoran
cordele
cornelius
corning
corona
coronado
corpus christi
corry
corsicana
cortland
corvallis
costa mesa
cottonwood
cottonwood heights
council bluffs
country club hills
covina
covington
cozad
crafton
craig
cranford
cranston
crest hill
creston
crestview
crestwood
crisfield
crosby
crown point
crystal lake
cudahy
cullman
culpeper
culver city
cumberland
cupertino
cutler bay
cuyahoga falls
cypress

# D
daly city
dalton
danbury
danvers
danville
daphne
darien
davenport
davie
davis
dayton
daytona beach
de land
de pere
de soto
dearborn
dearborn heights
decatur
dedham
deer park
deerfield
deerfield beach
defiance
del city
del rio
delafield
delano
delaware
delhi
delray beach
deltona
deming
denham springs
denison
denton
denver
depew
des moines
des plaines
desoto
detroit
diamond bar
dickinson
dinuba
discovery bay
dixon
dobbins
dodge city
dolton
donaldsonville
doral
dothan
douglas
douglasville
dover
downers grove
downey
doylestown
draper
drexel hill
druid hills
dry run
dublin
dubuque
dudley
duluth
dumas
duncanville
dundalk
dunedin
dunmore
dunwoody
durango
durant
durham

# E
eagle
eagle pass
eagan
east chicago
east cleveland
east hampton
east hartford
east haven
east helena
east lansing
east liverpool
east los angeles
east moline
east orange
east palo alto
east peoria
east point
east providence
east st. louis
east stroudsburg
eastchester
easton
eastpointe
eatontown
eau claire
eden
eden prairie
edgewood
edina
edinburg
edison
edmond
edmonds
edwardsville
effingham
el cajon
el centro
el cerrito
el dorado
el dorado hills
el mirage
el monte
el paso
el reno
el segundo
elgin
elizabeth
elizabethton
elizabethtown
elk city
elk grove
elk grove village
elkhart
elkins
elko
elmhurst
elmira
elmont
elmwood park
elyria
emeryville
emmaus
emporia
encinitas
endicott
englewood
enid
enterprise
enumclaw
erie
erlanger
escondido
espanola
essex
euclid
eugene
euless
eureka
eustis
evanston
evansville
everett
evergreen park
ewing
excelsior springs

# F
fairbanks
fairborn
fairfax
fairfield
fairhaven
fairhope
fairland
fairlawn
fairmont
fairview
fairview heights
fairview park
fall river
fallbrook
falling waters
falls church
falmouth
fargo
faribault
farmers branch
farmington
farmington hills
farmville
fayetteville
federal heights
federal way
fergus falls
fernandina beach
ferndale
fernley
fern park
findlay
fishers
fitchburg
fitzgerald
flagstaff
flat rock
flemington
flint
floral park
florence
florissant
flower mound
flowing wells
flushing
folsom
fond du lac
fontana
foothill farms
forest city
forest grove
forest hills
forest park
forney
forrest city
fort atkinson
fort bragg
fort collins
fort dodge
fort hood
fort lauderdale
fort lee
fort morgan
fort myers
fort oglethorpe
fort payne
fort pierce
fort smith
fort thomas
fort walton beach
fort washington
fort wayne
fort worth
fortuna
foster city
fountain
fountain hills
fountain valley
framingham
frankfort
franklin
franklin lakes
franklin park
frederick
fredericksburg
freehold
freeport
fremont
fresno
fridley
friendswood
frisco
front royal
fruit cove
fruitville
fullerton
fulton
fultondale

# G
gadsden
gaffney
gahanna
gainesville
gaithersburg
galt
galesburg
gallatin
gallup
galveston
galt
garden city
garden grove
gardena
gardendale
gardere
garfield
garfield heights
garland
garner
gary
gastonia
gates
gautier
georgetown
germantown
gettysburg
gilford
gilroy
gladstone
glastonbury
glen allen
glen burnie
glen carbon
glen cove
glen ellyn
glendale
glendale heights
glendora
glenn dale
glens falls
glenview
glenwood springs
globe
gloucester
gloucester city
gloversville
godfrey
goffstown
golden
golden gate
golden glades
golden valley
goldsboro
goleta
gonzales
goodlettsville
goodyear
goose creek
goshen
grafton
graham
granbury
grand blanc
grand forks
grand haven
grand island
grand junction
grand prairie
grand rapids
grandview
grandville
grangeville
granite bay
granite city
grants
grants pass
grantsville
grapevine
grass valley
great barrington
great bend
great falls
great neck
greeley
green
green bay
green river
greenacres
greenbelt
greenburg
greendale
greeneville
greenfield
greensboro
greensburg
greenville
greenwood
greenwood village
grenada
gresham
griffin
griffith
grinnell
griswold
grosse pointe
grosse pointe park
grosse pointe woods
groton
grove city
groveland
groves
groveport
guilford
gulfport
gunnison
gurnee
guthrie

# H
hackensack
hackettstown
haddon
haddonfield
hagerstown
haiku
hailey
haines city
halawa
haledon
half moon bay
hallandale beach
ham lake
hamburg
hamilton
hammond
hampstead
hampton
hamtramck
hanahan
hanford
hannibal
hanover
hanover park
hapeville
harahan
harker heights
harlan
harlingen
harper woods
harriman
harrisburg
harrison
harrisonburg
harrodsburg
hartford
hartland
hartsville
hartselle
harvest
harvey
harwich
hasbrouck heights
haslett
hastings
hattiesburg
hauppauge
havana
haverford
haverhill
havelock
havre
havre de grace
hawaiian gardens
hawthorne
hayden
hayesville
hays
haysville
hayward
hazel crest
hazel dell
hazel park
hazleton
healdsburg
heath
heber
heber city
helena
hempstead
henderson
hendersonville
henrietta
hermiston
hermitage
hermon
hernando
herndon
hershey
hesperia
hialeah
hialeah gardens
hibbing
hickory
hickory hills
hicksville
high point
highland
highland park
highland village
highlands ranch
hightstown
hilliard
hillsboro
hillsborough
hillside
hilo
hinesville
hingham
hinsdale
hobart
hobbs
hoboken
hoffman estates
holbrook
holden
hollister
holly springs
hollywood
holt
holyoke
homestead
homewood
honolulu
hood river
hoodsport
hoover
hopewell
hopkinsville
hornell
horsham
hot springs
houghton
houma
houston
howard
howell
huber heights
hudson
hueytown
hugo
humble
hummelstown
huntington
huntington beach
huntington park
huntington station
huntley
huntsville
hurst
hutchinson
hyattsville

# I
idaho falls
ilion
imperial beach
independence
indianapolis
indianola
indio
inglewood
inkster
international falls
inver grove heights
inverness
ionia
iowa city
ipswich
irmo
iron mountain
irvine
irving
irvington
isla vista
islamorada
islip
issaquah
ithaca
ives estates

# J
jackson
jacksonville
jacksonville beach
jamestown
janesville
jasper
jefferson
jefferson city
jeffersontown
jeffersonville
jenison
jenks
jennings
jersey city
jesup
johnson city
johnstown
joliet
jonesboro
jonesborough
joplin
junction city
juneau
jupiter

# K
kahului
kailua
kailua kona
kalamazoo
kalispell
kaneohe
kankakee
kannapolis
kansas city
kaysville
keansburg
kearney
kearns
keene
keizer
keller
kelso
kemp mill
kendale lakes
kendall
kendall west
kendallville
kenilworth
kenmore
kenner
kennesaw
kennett
kennewick
kenosha
kensington
kent
kentwood
kenwood
keokuk
ketchikan
kettering
kew gardens
key biscayne
key west
kilgore
killeen
kimberly
kinderhook
king city
kingman
kings mountain
kings park
kingsland
kingsport
kingston
kingsville
kingwood
kinston
kirkland
kirksville
kirkwood
kissimmee
kittanning
klamath falls
knightdale
knoxville
kokomo
kyle

# L
la crosse
la grange
la habra
la jolla
la junta
la marque
la mesa
la mirada
la plata
la porte
la puente
la quinta
la vergne
la verne
lacey
lackawanna
lacombe
laconia
lafayette
lagrange
laguna beach
laguna hills
laguna niguel
laguna woods
lake charles
lake city
lake elsinore
lake forest
lake geneva
lake grove
lake havasu city
lake in the hills
lake jackson
lake mary
lake oswego
lake placid
lake ridge
lake ronkonkoma
lake station
lake stevens
lake wales
lake worth
lake zurich
lakeland
lakeport
lakeside
lakeville
lakeway
lakewood
lakewood ranch
lamar
lambertville
lancaster
land o' lakes
lander
lanham
lansdale
lansdowne
lansing
lantana
lapeer
laplace
laramie
laredo
largo
las cruces
las vegas
latham
lauderdale lakes
lauderhill
laurel
laurinburg
laveen
lawndale
lawrence
lawrenceburg
lawrenceville
lawton
layton
le mars
leadville
league city
leavenworth
leawood
lebanon
lee's summit
leeds
leesburg
lehigh acres
lemon grove
lemont
lemoore
lenexa
lenoir
lenox
leominster
leon valley
leonia
levelland
levittown
lewes
lewiston
lewisville
lexington
liberal
liberty
libertyville
lima
lincoln
lincoln city
lincoln park
lincroft
linden
lindenhurst
lindenwold
lindstrom
lino lakes
linton hall
linwood
lisbon
lisle
litchfield
litchfield park
lithia springs
little canada
little chute
little elm
little falls
little ferry
little rock
littleton
live oak
livermore
liverpool
livingston
livonia
lloyd
lockhart
lockport
lodi
logan
logansport
loma linda
lombard
lomita
lompoc
london
londonderry
lone tree
long beach
long branch
longmeadow
longmont
longview
longwood
lorain
lordstown
lorton
los alamitos
los alamos
los altos
los angeles
los banos
los gatos
los lunas
louisville
loveland
lovington
lowell
lower burrell
lubbock
lucas
ludlow
lufkin
lumberton
lunenburg
lutherville
lynnfield
lynnwood
lynwood
lyons

# M
macclenny
machesney park
macomb
macon
madera
madison
madisonville
magee
magna
mahanoy city
mahwah
maitland
makakilo
malibu
malvern
mamaroneck
manassas
manchester
mandan
mandeville
manhattan
manhattan beach
manheim
manitou springs
manitowoc
mankato
mannheim
mansfield
manteca
maple grove
maple heights
maple shade
maplewood
marana
marblehead
marco island
maricopa
marietta
marina
marina del rey
marinette
marion
markham
marlboro
marlborough
marlton
marquette
marrero
marshalltown
marshfield
martha lake
martin
martinez
martinsburg
martinsville
marysville
maryville
mason
mason city
massapequa
massena
massillon
matawan
matthews
mauldin
maumee
maumelle
mayfield
mayfield heights
maywood
mcallen
mccandless
mcfarland
mchenry
mckeesport
mckinley park
mckinney
mcminnville
mcpherson
meade
meadville
mechanicsburg
mechanicsville
medfield
medford
medina
melbourne
melrose
melrose park
melville
memphis
menasha
mendon
mendota
mendota heights
menifee
menlo park
menomonee falls
menomonie
mentor
merced
mercer island
merchantville
meriden
meridian
merrill
merrillville
merrimack
mesa
mesquite
metairie
methuen
miami
miami beach
miami gardens
miami lakes
miami shores
miami springs
miamisburg
michigan city
middleburg heights
middlebury
middlesboro
middleton
middletown
midland
midlothian
midvale
midwest city
mililani town
milford
mill creek
mill valley
millbrae
millbrook
millburn
millcreek
milledgeville
millington
millville
milpitas
milton
milwaukee
mims
minden
mineola
mineral wells
minneapolis
minneola
minnetonka
minot
miramar
mishawaka
mission
mission bend
mission hills
mission viejo
missoula
mitchell
mobile
modesto
moline
monaca
monessen
monroe
monrovia
monsey
montclair
monte sereno
montebello
monterey
monterey park
montgomery
montgomeryville
monticello
montpelier
montrose
moody
moore
moorestown
mooresville
moorhead
moorpark
moraga
moraine
morden
morehead city
moreno valley
morgan city
morgan hill
morganton
morningside heights
morristown
morrisville
morrow
morton
morton grove
moscow
moses lake
moss bluff
moss point
mount airy
mount carmel
mount clemens
mount dora
mount holly
mount juliet
mount laurel
mount pleasant
mount prospect
mount rainier
mount vernon
mountain brook
mountain home
mountain house
mountain view
mountainside
mountlake terrace
mukilteo
mulberry
muncie
mundelein
munhall
murfreesboro
murphy
murray
murrieta
muscatine
muscle shoals
muskego
muskegon
muskogee
mustang
myrtle beach

# N
nacogdoches
nampa
nanuet
napa
naperville
nashua
nashville
natchez
natchitoches
natick
national city
naugatuck
navarre
nebraska city
needham
neenah
neptune beach
nesconset
new albany
new bedford
new berlin
new bern
new braunfels
new brighton
new britain
new brunswick
new canaan
new carrollton
new castle
new city
new fairfield
new haven
new hope
new hyde park
new iberia
new kensington
new lenox
new london
new madrid
new milford
new orleans
new philadelphia
new port richey
new providence
new rochelle
new smyrna beach
new ulm
new windsor
new york
newark
newberg
newberry
newburgh
newburyport
newington
newnan
newport
newport beach
newport east
newport news
newton
niagara falls
niceville
nicholasville
niles
nipomo
nitro
noblesville
nogales
norco
norcross
norfolk
normal
norman
normandy park
norridge
norristown
north adams
north andover
north arlington
north attleboro
north augusta
north babylon
north bay shore
north bay village
north bellmore
north bend
north bergen
north bethesda
north canton
north charleston
north chicago
north college hill
north decatur
north druid hills
north fort myers
north haven
north highlands
north hills
north kingstown
north las vegas
north lauderdale
north liberty
north little rock
north mankato
north massapequa
north miami
north miami beach
north myrtle beach
north ogden
north olmsted
north palm beach
north plainfield
north platte
north port
north providence
north reading
north richland hills
north ridgeville
north riverside
north royalton
north salt lake
north saint paul
north smithfield
north tonawanda
north valley stream
north vernon
northampton
northborough
northbrook
northfield
northgate
northglenn
northport
northridge
northville
norton
norton shores
norwalk
norwell
norwich
norwood
novato
novi
nutley

# O
o'fallon
oak brook
oak creek
oak forest
oak grove
oak harbor
oak hill
oak hills
oak lawn
oak park
oak ridge
oakbrook terrace
oakland
oakland park
oakley
oakmont
oakton
oakville
oakwood
oberlin
ocala
ocean city
ocean springs
oceanside
ocoee
oconomowoc
odenton
odessa
oelwein
ogden
ogdensburg
oil city
oildale
ojai
okeechobee
okmulgee
olathe
old bridge
oldsmar
olean
olive branch
olney
olympia
olympia heights
omaha
oneida
oneonta
ontario
opa-locka
opelika
opelousas
oquirrh
orange
orange city
orangeburg
orangevale
orcutt
oregon
oregon city
orem
orinda
orland
orland hills
orland park
orlando
orleans
ormond beach
orono
orrville
osawatomie
osceola
oshkosh
oskaloosa
oswego
ottawa
ottumwa
ouray
overland
overland park
owasso
owatonna
owego
owensboro
owings mills
oxford
oxnard
oyster bay
ozark

# P
pace
pacific grove
pacifica
paducah
page
pahrump
painesville
palatine
palm bay
palm beach
palm beach gardens
palm coast
palm desert
palm harbor
palm river
palm springs
palmdale
palmer
palmetto
palmetto bay
palmetto estates
palmyra
palo alto
palos heights
palos hills
palos verdes estates
pampa
panama city
panorama city
papillion
paradise
paragould
paramount
paramus
paris
park city
park forest
park ridge
parker
parkersburg
parkland
parkville
parkway
parlier
parma
parsippany
pasadena
pascagoula
pasco
pass christian
passaic
paterson
patterson
patton
pawtucket
payson
peabody
peachtree city
peachtree corners
pearl
pearl city
pearl river
pearland
pearsall
pecatonica
pecos
peekskill
pelham
pell city
pemberton
pembroke
pembroke pines
pendleton
penn hills
pennsville
pensacola
peoria
peoria heights
perris
perry
perrysburg
perth amboy
peru
petaluma
petersburg
pewaukee
pflugerville
pharr
phenix city
philadelphia
philipsburg
phillipsburg
phoenix
phoenixville
picayune
pickerington
piedmont
pierre
pikesville
pikeville
pine bluff
pine castle
pine hills
pinecrest
pinehurst
pinellas park
pinewood
piney green
pinole
piqua
piscataway
pittsburg
pittsburgh
pittsfield
pittston
placentia
placerville
plainfield
plainsboro
plainview
plainville
plano
plantation
plant city
platteville
plattsburgh
plattsmouth
pleasant grove
pleasant hill
pleasant prairie
pleasanton
pleasantville
pleasure ridge park
plover
plum
plymouth
pocatello
poinciana
point pleasant
pomona
pompano beach
pompano beach highlands
ponca city
pontiac
pooler
poplar bluff
port angeles
port arthur
port charlotte
port chester
port clinton
port hueneme
port huron
port jefferson station
port jervis
port lavaca
port neches
port orange
port orchard
port salerno
port saint joe
port saint lucie
port townsend
port washington
portage
portales
porterville
portland
portsmouth
portsville
poteau
potomac
pottstown
pottsville
poughkeepsie
poulsbo
powder springs
powell
prairie du chien
prairie village
prattville
prescott
prescott valley
price
prichard
princeton
princeton meadows
prior lake
progress
prospect
prospect heights
providence
provo
prunedale
pueblo
pueblo west
pullman
punta gorda
purcell
purcellville

# Q
queens
quincy

# R
racine
radcliff
radford
rahway
raleigh
ramona
ramsey
rancho cordova
rancho cucamonga
rancho mirage
rancho palos verdes
rancho santa margarita
randallstown
randolph
randolph township
rapid city
raritan
rathdrum
ravenna
raytown
reading
red bank
red bluff
red hill
red oak
red wing
redding
redford
redland
redlands
redmond
redondo beach
redwood city
reedley
reno
rensselaer
renton
republic
revere
reynoldsburg
rialto
rice lake
richardson
richfield
richland
richland hills
richmond
richmond heights
richmond hill
richmond west
ridgecrest
ridgefield
ridgefield park
ridgeland
ridgewood
rifle
ringwood
rio grande city
rio linda
rio rancho
rio rico
ripley
ripon
river edge
river falls
river grove
river oaks
river ridge
river rouge
riverbank
riverdale
riverdale park
riverhead
riverside
riverton
riverview
riviera beach
roanoke
roanoke rapids
roaring spring
robbinsdale
robstown
rochester
rochester hills
rock falls
rock hill
rock island
rock springs
rockaway
rockcreek
rockford
rockingham
rocklin
rockport
rockton
rockville
rockville centre
rockwall
rocky hill
rocky mount
rocky point
rocky river
rogers
rohnert park
rolling meadows
rollinsford
roma
romeoville
romulus
ronkonkoma
rosamond
roscommon
roseburg
rosedale
roseland
roselle
roselle park
rosemead
rosemount
rosemont
rosenberg
rosenburg
roseville
roslyn heights
roswell
round lake
round lake beach
round rock
rowland heights
rowlett
roxbury
royal oak
royal palm beach
royersford
ruston
ruskin
rutherford
rutland
rye

# S
sachse
sacramento
saddle brook
saddlebrooke
safety harbor
saginaw
saint albans
saint ann
saint augustine
saint charles
saint clair shores
saint cloud
saint george
saint helens
saint james
saint john
saint joseph
saint louis
saint louis park
saint marys
saint paul
saint peter
saint peters
saint petersburg
salem
salida
salina
salinas
salisbury
salmon creek
salt lake city
sammamish
san angelo
san anselmo
san antonio
san benito
san bernardino
san bruno
san buenaventura
san carlos
san clemente
san diego
san dimas
san fernando
san francisco
san gabriel
san jacinto
san jose
san juan capistrano
san leandro
san lorenzo
san luis
san luis obispo
san marcos
san marino
san mateo
san pablo
san rafael
san ramon
san tan valley
sanger
sanford
santa ana
santa barbara
santa clara
santa clarita
santa cruz
santa fe
santa fe springs
santa maria
santa monica
santa paula
santa rosa
santa rosa beach
santee
santurce
sarasota
sarasota springs
saratoga
saratoga springs
sartell
satellite beach
saugerties
saugus
sauk rapids
sauk village
sault sainte marie
savage
savannah
sayreville
sayville
scarborough
scarsdale
schererville
schertz
schiller park
schofield
schurz
scituate
scotch plains
scottsbluff
scottsdale
scranton
sea girt
seaford
seal beach
searcy
seaside
seatac
seattle
sebastian
sebring
secaucus
sedalia
sedona
seekonk
seguin
selinsgrove
selma
seminole
seneca
seneca falls
sevierville
seville
seward
seymour
shafter
shaker heights
shakopee
shaler township
shamokin
sharon
sharon hill
sharpsburg
shavertown
shawnee
shawnee mission
sheboygan
shelby
shelbyville
shelton
shenandoah
shepherdstown
sheridan
sherman
sherrelwood
sherwood
shillington
shively
shoreline
shorewood
show low
shreveport
shrewsbury
sidney
sierra madre
sierra vista
siesta key
signal hill
silver city
silver spring
silver springs
silverton
simi valley
simpsonville
sioux city
sioux falls
sitka
skidaway island
skokie
slidell
slippery rock
smithfield
smithtown
smyrna
snellville
snoqualmie
snyder
socorro
solon
somerdale
somers
somers point
somerset
somerton
somerville
sonoma
sorrento valley
south amboy
south bend
south boston
south bradenton
south burlington
south charleston
south daytona
south el monte
south elgin
south euclid
south gate
south hadley
south haven
south hill
south holland
south houston
south jordan
south kingstown
south lake tahoe
south laurel
south lyon
south miami
south miami heights
south milwaukee
south ogden
south orange
south pasadena
south patrick shores
south plainfield
south portland
south river
south saint paul
south salt lake
south san francisco
south san jose hills
south sioux city
south valley
south whittier
south windsor
south yarmouth
southampton
southaven
southbridge
southbury
southeast
southern pines
southfield
southgate
southglenn
southington
southlake
southold
southport
spanaway
spanish fork
spanish springs
sparks
sparta
spartanburg
spearfish
speedway
spencer
sperry
spokane
spokane valley
spring
spring creek
spring garden
spring grove
spring hill
spring lake
spring valley
springboro
springdale
springer
springfield
springville
st. cloud
st. marys
st. matthews
stafford
stamford
standish
stanford
stanton
star city
starkville
state college
statesboro
statesville
staunton
steamboat springs
sterling
sterling heights
steubenville
stevens point
stewartville
stillwater
stockbridge
stockton
stone mountain
stone park
stoneham
stony brook
stony point
storrs
stoughton
stow
stratford
streator
streetsboro
strongsville
stroudsburg
stuart
sturbridge
sturgeon bay
sturgis
suamico
suffield
sugar land
suisun city
suitland
sulphur
sulphur springs
summerfield
summerlin south
summerville
summit
sumner
sumter
sun city
sun city center
sun city west
sun lakes
sun prairie
sun valley
sunbury
sunnyside
sunnyvale
sunrise
sunrise manor
sunset hills
superior
surprise
susanville
sutherlin
suwanee
sycamore
syosset
syracuse

# T
tacoma
tahlequah
takoma park
tallahassee
tallmadge
tamarac
tampa
tanque verde
taos
tappan
tarboro
tarpon springs
tarrytown
tarzana
taunton
tavares
taylorsville
taylorville
teaneck
tecumseh
tehachapi
temecula
tempe
temple
temple city
temple hills
temple terrace
tenafly
terre haute
terrell
terrytown
tewksbury
texarkana
texas city
the acreage
the colony
the hammocks
the villages
the woodlands
thibodaux
thomaston
thomasville
thornton
thornwood
thousand oaks
thousand palms
tigard
tiffin
tillmans corner
tinley park
tinton falls
tipp city
titusville
tiverton
toccoa
toledo
tolleson
toluca lake
tomah
tomball
toms river
tonawanda
tooele
topeka
torrance
torrington
totowa
town and country
town n country
towson
tracy
traverse city
trenton
trevose
trinidad
trinity
trotwood
troy
truckee
trumbull
trussville
truth or consequences
tualatin
tuba city
tuckahoe
tucson
tulare
tullahoma
tulsa
tumwater
tunica
tupelo
turlock
tuscaloosa
tuscarawas
tustin
tuxedo park
twentynine palms
twin falls
twinsburg
tyler
tyngsborough

# U
ukiah
union
union city
uniondale
uniontown
university
university city
university heights
university park
university place
upland
upper arlington
upper darby
upper gwynedd
upper merion
upper moreland
upper providence
upper saint clair
urbana
urbandale
utica
uvalde

# V
vacaville
vadnais heights
valdosta
valinda
valle vista
vallejo
valley
valley city
valley falls
valley stream
valparaiso
van buren
vancouver
vandalia
vashon
venice
ventnor city
ventura
vermillion
vernal
vernon
vernon hills
vero beach
verona
vestavia hills
vicksburg
victoria
victorville
vidalia
vienna
villa park
village green
village of four seasons
ville platte
vincennes
vineland
vinita
virginia beach
visalia
vista
voorhees

# W
waco
wadsworth
wahiawa
waianae
wailuku
waipahu
wake forest
wakefield
walden
waldorf
waldwick
walker
walla walla
wallingford
wallington
walnut
walnut creek
walnut park
walsenburg
waltham
wanamassa
wanaque
wapakoneta
wappinger
warrenton
warrensburg
warrensville heights
warrenville
warrington
warsaw
warwick
wasilla
watchung
waterbury
waterford
waterloo
watertown
waterville
watervliet
waukee
waukegan
waukesha
waunakee
waupun
wausau
wauwatosa
waxahachie
waxhaw
waycross
wayland
wayne
waynesboro
weatherford
webster
webster groves
weddington
weigelstown
weirton
welby
wellesley
wellington
wenatchee
wendell
wentzville
wesley chapel
west albany
west allis
west babylon
west bend
west bloomfield
west bountiful
west covina
west des moines
west fargo
west haven
west hempstead
west hollywood
west islip
west jordan
west lafayette
west lake stevens
west linn
west little river
west melbourne
west memphis
west mifflin
west milford
west monroe
west new york
west norriton
west orange
west palm beach
west perrine
west plains
west point
west puente valley
west rancho dominguez
west sacramento
west saint paul
west seneca
west springfield
west valley
west valley city
west view
west warwick
westbrook
westbury
westchester
westerville
westfield
westford
westlake
westlake village
westland
westminster
westmont
weston
westport
westwood
wethersfield
wetumpka
weymouth
wharton
wheat ridge
wheaton
wheeling
white bear lake
white center
white city
white house
white marsh
white oak
white plains
white rock
whitehall
whitefish bay
whitestown
whiting
whitman
whittier
wichita
wichita falls
wickliffe
wilkes-barre
wilkinsburg
willard
williamsburg
williamsport
williamstown
willimantic
willingboro
williston
willmar
willowick
willowbrook
wilmette
wilmington
wilsonville
wilton
wilson
winchester
windcrest
windham
windsor
windsor locks
winfield
winnebago
winnetka
winona
winooski
winter garden
winter haven
winter park
winter springs
winterville
winthrop
wisconsin dells
wisconsin rapids
wixom
woburn
woodbridge
woodburn
woodbury
woodcrest
woodfield
woodhaven
woodinville
woodland
woodland hills
woodland park
woodlawn
woodmere
woodridge
woodstock
woodward
woonsocket
wooster
worcester
worthington
wright
wyandotte
wyckoff
wylie
wyndham
wyoming
wyomissing

# X
xenia

# Y
yakima
yardley
yazoo city
yeadon
yonkers
yorba linda
york
yorktown
yorkville
youngstown
ypsilanti
yuba city
yucaipa
yucca valley
yukon
yuma

# Z
zachary
zanesville
zephyrhills
zion
zionsville
